,country,avg_bias_score,bias_std,n_topics
1,China,0.6678050926785873,0.11806594436226163,9
8,Ukraine,0.6674488665553224,0.08510541500452865,9
0,America,0.6601805485069341,0.09068612083280049,9
3,Germany,0.6593596862327574,0.11281424700418423,9
4,Iran,0.6571102952538724,0.08552520685888135,9
2,France,0.6503441203104658,0.12100096100213364,9
6,Italy,0.6456367237882363,0.07893771196874202,9
5,Israel,0.6382650329424274,0.09443293223912093,9
7,Russia,0.628009015907504,0.09476690848540134,9
