,topic,mean_similarity,std_similarity,n_samples
0,3,0.6902126292616126,0.2983792959663778,108
1,4,0.6125692098107136,0.3555653079938923,90
2,15,0.4396071953576306,0.4115689306464401,93
3,17,0.7202338067537746,0.2676376801439394,97
4,18,0.7099486743980169,0.320076800030775,86
5,22,0.5208928607411502,0.4057859920645423,86
6,36,0.6347686247794606,0.3440700610026962,45
7,40,0.6219011537242305,0.35825689019891405,42
8,50,0.7019469883409465,0.3690165555124676,14
