,topic,mean_similarity,std_similarity,n_samples
0,3,0.690745075636251,0.30635490269775156,108
1,4,0.6242269496267492,0.3515651972334608,90
2,15,0.44318992188895284,0.4146012003999638,93
3,17,0.7107254354648926,0.2750433212928149,97
4,18,0.720379122936662,0.2972513706797697,86
5,22,0.6012156257253437,0.3796248474071038,86
6,36,0.6566729206793814,0.3359911459882278,45
7,40,0.6232394715869513,0.3784502085333358,42
8,50,0.863842652549633,0.05791560172034629,14
