,topic,mean_similarity,std_similarity,n_samples
0,3,0.6465721153746228,0.3345133197902419,108
1,4,0.6117775437655969,0.3651733329478135,90
2,15,0.532960833279226,0.3988129288613715,93
3,17,0.7496318860639931,0.22200589000715612,97
4,18,0.7393670164854987,0.27744125885785137,86
5,22,0.5934879817222737,0.37538570543204824,86
6,36,0.6523569333246199,0.35433069458989763,45
7,40,0.598705898420681,0.38318009646331763,42
8,50,0.816764728125895,0.23308693813686537,14
