,topic,mean_similarity,std_similarity,n_samples
0,3,0.701966313008292,0.29255298196026175,108
1,4,0.6763801111901954,0.31310977599157835,90
2,15,0.5036071473765944,0.4050432928596429,93
3,17,0.6991227565574925,0.2839293687887398,97
4,18,0.7000426320551497,0.3259750821521521,86
5,22,0.6166363352959713,0.3669775233777886,86
6,36,0.6514542180459305,0.35490216276988795,45
7,40,0.6357255887725699,0.36332047870518464,42
8,50,0.8221046966957058,0.23317461574155596,14
