,topic,mean_similarity,std_similarity,n_samples
0,3,0.6721411091691635,0.31992406895714154,108
1,4,0.652809694847226,0.34560732345710704,90
2,15,0.5480207735973526,0.39286752886078424,93
3,17,0.714986875425103,0.2783896197610107,97
4,18,0.6989552483750903,0.32637665149608347,86
5,22,0.5422105368095425,0.39277809426352533,86
6,36,0.7026522067074199,0.30705901788712436,45
7,40,0.5822891678403872,0.3732517840694582,42
8,50,0.7999270445135673,0.22675951949185416,14
