,topic,mean_similarity,std_similarity,n_samples
0,3,0.6809070818143944,0.31457888210973206,108
1,4,0.6185504393448903,0.35710391415919235,90
2,15,0.5058754539421252,0.40675962127639226,93
3,17,0.7359077945017667,0.24729570287090538,97
4,18,0.7386189540874217,0.2897242999012147,86
5,22,0.5849968704603269,0.3890427793923528,86
6,36,0.6549550370809392,0.3580297442502276,45
7,40,0.5830904809373637,0.3759988243800264,42
8,50,0.7078284019248992,0.3727355703103486,14
