,topic,mean_similarity,std_similarity,n_samples
0,3,0.672714632002354,0.32181511982505046,108
1,4,0.6108781078310774,0.35317852606073985,90
2,15,0.4697791824131454,0.41289126005389587,93
3,17,0.7143023102907194,0.27834582009591546,97
4,18,0.7396683617693949,0.28946890920047247,86
5,22,0.5570446353459588,0.40089782856546136,86
6,36,0.5886988893804548,0.3807159274561791,45
7,40,0.6274128813830882,0.3768557667106015,42
8,50,0.7638862960656533,0.3179023757651451,14
