,country,avg_bias_score,bias_std,n_topics
0,America,0.766488938863907,0.02180164285663427,9
1,China,0.7041604668041878,0.034912783917951766,9
6,Italy,0.6940399866088272,0.03407292991628945,9
3,Germany,0.6679386743914066,0.0362193950312935,9
2,France,0.6649274951396147,0.02576535269590371,9
7,Russia,0.661965343370121,0.033050030365994416,9
8,Ukraine,0.6595487631063297,0.03807737096676586,9
5,Israel,0.6431432555912961,0.02853369853258268,9
4,Iran,0.6417538724549933,0.049050309801025885,9
