,topic,mean_similarity,std_similarity,n_samples
0,3,0.6792674353809394,0.0899249164466153,108
1,4,0.6760410287271941,0.08781864228563029,90
2,15,0.6617587147269967,0.09111268227578731,93
3,17,0.71937263067153,0.09934449996518137,97
4,18,0.7582809329773489,0.07374395625360866,86
5,22,0.69456894487212,0.07836372436068484,86
6,36,0.7148585688241524,0.0606448206519307,45
7,40,0.6441878140849879,0.0849649148429299,42
8,50,0.6980238092141747,0.09859820626446907,14
