,topic,mean_similarity,std_similarity,n_samples
0,3,0.642377707881495,0.0842962564017701,108
1,4,0.6265514967192807,0.09768764863140804,90
2,15,0.6275618528509974,0.08310020970258805,93
3,17,0.6764984621328779,0.09112991828684801,97
4,18,0.7060130837009092,0.09565585472289224,86
5,22,0.6734963216656275,0.0790565876958235,86
6,36,0.671426638502607,0.0843856177322235,45
7,40,0.625079392526542,0.10640848018430452,42
8,50,0.7086831343507525,0.06096516905739059,14
