,topic,mean_similarity,std_similarity,n_samples
0,3,0.6105680815507133,0.11347680017007225,108
1,4,0.6428352160898286,0.11877766385877182,90
2,15,0.6359555648303483,0.08125579484609481,93
3,17,0.6149102226734541,0.12123523052722453,97
4,18,0.7008504781245959,0.08645379422353702,86
5,22,0.6288010393373876,0.0839838281447085,86
6,36,0.6597089638844588,0.1008971252353537,45
7,40,0.6278610341606479,0.11683306099503514,42
8,50,0.666798699670231,0.0850767015126936,14
