,topic,mean_similarity,std_similarity,n_samples
0,3,0.6402912506546715,0.09370244487941713,108
1,4,0.6497051858016009,0.09026712277808502,90
2,15,0.646425884404215,0.07846878565114722,93
3,17,0.6983064394341404,0.09657658259895052,97
4,18,0.7398213123975855,0.08133035383744232,86
5,22,0.6663190101794465,0.08932012530172186,86
6,36,0.6557237666503314,0.10247286197057766,45
7,40,0.6222636419362075,0.13337827192532903,42
8,50,0.6925915780644617,0.055967147255598065,14
