,country,avg_bias_score,bias_std,n_topics
0,America,0.5859520660808201,0.07137852553689022,9
1,China,0.5163069735593775,0.059420389299771344,9
6,Italy,0.5135334866046996,0.07309449027317762,9
2,France,0.5073698169164056,0.07411593155030467,9
7,Russia,0.505377523354584,0.057045956753389596,9
3,Germany,0.49988087103902157,0.07589897509461777,9
8,Ukraine,0.4992197982917888,0.06292439906279318,9
5,Israel,0.48897464536671303,0.05481055699623329,9
4,Iran,0.48379504937953893,0.06537989636537889,9
