,topic,mean_similarity,std_similarity,n_samples
0,3,0.65424703592734,0.2779828801983802,108
1,4,0.6062199214501308,0.3130040871517154,90
2,15,0.5264429304133033,0.36419104299786625,93
3,17,0.6635292377855188,0.2988263480354457,97
4,18,0.6556768878647359,0.3470834498480987,86
5,22,0.5709798346877885,0.33503353893845383,86
6,36,0.48454224739049867,0.38633906869011664,45
7,40,0.6228850503361255,0.31534238234146633,42
8,50,0.4890454488719393,0.376257784749201,14
