,topic,mean_similarity,std_similarity,n_samples
0,3,0.547603312165304,0.2347101926549525,108
1,4,0.527686547968435,0.26767124291052413,90
2,15,0.4436675328031936,0.3069042252456897,93
3,17,0.5912047773385218,0.2658876473895581,97
4,18,0.5850288862113823,0.3108633964653626,86
5,22,0.4984095751354968,0.2900660884719342,86
6,36,0.36191409963934174,0.2952009520511757,45
7,40,0.5144844079137371,0.27748430850444095,42
8,50,0.4289287001757819,0.32187736627664654,14
