,topic,mean_similarity,std_similarity,n_samples
0,3,0.5769442949985117,0.2500879100145852,108
1,4,0.5498516441755252,0.27917883237807567,90
2,15,0.4646585465262198,0.3202734374741068,93
3,17,0.5902900157184199,0.26700851547636917,97
4,18,0.5624439461620956,0.30492927987952145,86
5,22,0.5232507408159529,0.3058551953904725,86
6,36,0.41929742514897395,0.3322938386247747,45
7,40,0.5032606355540814,0.2591178587617034,42
8,50,0.45676551293461687,0.3467154288196957,14
