,topic,mean_similarity,std_similarity,n_samples
0,3,0.5484434838390657,0.23861525456748045,108
1,4,0.5016501973130533,0.25546765725239795,90
2,15,0.44871487829151196,0.30948869524700434,93
3,17,0.5923648782149196,0.2661323281732051,97
4,18,0.5655129134310305,0.30189304795425337,86
5,22,0.4941077797002832,0.2913436110013853,86
6,36,0.40585214162139344,0.3224080782923859,45
7,40,0.5065918436901423,0.25968926167700446,42
8,50,0.42974006852469954,0.32994691855775254,14
