,topic,mean_similarity,std_similarity,n_samples
0,3,0.5812201555956051,0.2532097390196244,108
1,4,0.5388821005028791,0.27546313283715285,90
2,15,0.44519378532389925,0.3098661718111934,93
3,17,0.5974412640435601,0.26825848515918244,97
4,18,0.6007302517329403,0.31792848382014516,86
5,22,0.5094883821731562,0.30156981744756284,86
6,36,0.4089217460122059,0.3255132624634956,45
7,40,0.5114789414344364,0.2692755139982422,42
8,50,0.4284447526236138,0.32492469484893927,14
