,topic,mean_similarity,std_similarity,n_samples
0,3,0.5308591643044412,0.23528250315787963,108
1,4,0.5094144640540874,0.27123067460600464,90
2,15,0.44380549569210354,0.30799403274105575,93
3,17,0.5307621076840839,0.2496829775874646,97
4,18,0.5588578139681363,0.29758220464509827,86
5,22,0.48161937964044144,0.2819218576013612,86
6,36,0.39020318677593874,0.3164447979599545,45
7,40,0.5171463037620684,0.265354594678633,42
8,50,0.43810389241911635,0.33485500453000544,14
