,topic,mean_similarity,std_similarity,n_samples
0,3,0.5512759594666498,0.24415099431442353,108
1,4,0.507009746970791,0.25823616249830184,90
2,15,0.44174415100890685,0.3071589608240556,93
3,17,0.5620256810878292,0.2539393555515574,97
4,18,0.5568684974516961,0.29758611166692334,86
5,22,0.4611692788773716,0.2770067900393652,86
6,36,0.3677589531388813,0.30421763918273653,45
7,40,0.45641258715375616,0.23496113881387704,42
8,50,0.4498905892599688,0.34283484251095914,14
