,topic,mean_similarity,std_similarity,n_samples
0,3,0.5628944410567592,0.25012872094488214,108
1,4,0.5279539494156651,0.26564705357542556,90
2,15,0.4586737899371,0.31714041602807175,93
3,17,0.593151843960374,0.2671520891133255,97
4,18,0.5802978712319171,0.30913442612939246,86
5,22,0.5093124970686239,0.30209174264398414,86
6,36,0.4103697242544366,0.3291678009468758,45
7,40,0.5387496471373867,0.27146676523487906,42
8,50,0.38492458818538744,0.3044939727539862,14
