,topic,mean_similarity,std_similarity,n_samples
0,3,0.554681498845182,0.23677195235421133,108
1,4,0.5086795518465773,0.26160403509607616,90
2,15,0.44788960879828094,0.3088918655558965,93
3,17,0.5822551563313224,0.2612718871624786,97
4,18,0.5617111983448794,0.29834825022159656,86
5,22,0.5091656897394101,0.29989511364716886,86
6,36,0.4130106697407622,0.32825898364463413,45
7,40,0.5160601870524867,0.26986132390838646,42
8,50,0.45494414949235445,0.34366792586723593,14
