,country,avg_bias_score,bias_std,n_topics
0,America,0.8325322605523657,0.024389577452768884,9
2,France,0.7526916064013602,0.026109144762759696,9
6,Italy,0.7511270861913187,0.02138595786294695,9
7,Russia,0.7153702022648738,0.02512582859351519,9
3,Germany,0.710246456565996,0.029665890932647827,9
1,China,0.6964725359266241,0.025382500984616255,9
5,Israel,0.6610278946232317,0.02420663811027892,9
8,Ukraine,0.6467515663762682,0.03312357053701128,9
4,Iran,0.6434592785729728,0.04413303633337762,9
