topic,mean_similarity,std_similarity,n_samples
3,0.6759498944727443,0.09092539112988235,82
4,0.7037881767036177,0.07451695414960072,60
15,0.7040174883652726,0.07801972609651434,69
17,0.6999490903308817,0.07458402887086642,76
18,0.738023708363424,0.08112750322205185,79
22,0.7361806830606565,0.07607771607994775,62
36,0.6828353029718788,0.11569409886867414,39
40,0.6869923112851805,0.10787327554566509,34
50,0.7644814535403083,0.047176394080315646,14
