topic,mean_similarity,std_similarity,n_samples
3,0.6327770528097568,0.11157831823332558,95
4,0.6421596226788178,0.11929325355776613,71
15,0.6389297972588828,0.10969545701638349,67
17,0.6427547361939832,0.09693297762593223,89
18,0.7066112751179581,0.09449702459727008,81
22,0.6700182579730622,0.09790682954695261,63
36,0.6808556855623509,0.07553796308373371,40
40,0.6614951682878745,0.10651657065993987,34
50,0.6736494557264001,0.1450025335841309,14
