topic,mean_similarity,std_similarity,n_samples
3,0.7961950275590391,0.0888583136623187,91
4,0.82573166434383,0.06703078918788717,70
15,0.8248868941396107,0.07996644220163136,67
17,0.8070969285565572,0.07632676558572801,86
18,0.8377858598811664,0.07260719391045722,77
22,0.851152865935398,0.055053917289077936,67
36,0.8449111178773262,0.0701045407417324,39
40,0.8264326336280354,0.06536713243463489,32
50,0.8785973530503283,0.04781754279926984,14
