topic,mean_similarity,std_similarity,n_samples
3,0.6205696117117947,0.1300816954715236,96
4,0.6083130623888955,0.1205369491654148,66
15,0.6169810004988839,0.12847082660565373,70
17,0.674363933119509,0.10732839760300131,79
18,0.6776515463820946,0.12502566941446705,81
22,0.6507951239770184,0.15010746441637213,64
36,0.6516910443549693,0.13479219536856568,34
40,0.6177236336724085,0.14253264479531313,33
50,0.70267514128084,0.07666791867718724,14
