topic,mean_similarity,std_similarity,n_samples
3,0.7291262916631005,0.0868906288218367,92
4,0.7451579612367885,0.06797012543673313,73
15,0.7246417833275094,0.07481090795085174,65
17,0.7447513382387043,0.06927482951053533,87
18,0.7639838441702761,0.06865834677862208,80
22,0.7785033906917113,0.05909631240711986,60
36,0.7353517425441731,0.0663077776433597,40
40,0.7524027649490352,0.08281867859431034,33
50,0.7862246589005698,0.053712499283702114,13
