topic,mean_similarity,std_similarity,n_samples
3,0.6821914982743571,0.0791015577377315,89
4,0.6933175131917612,0.08265768615469835,69
15,0.6977129371483621,0.07206724595695004,62
17,0.7019067335805775,0.056932264523402526,79
18,0.7357157646272807,0.07887926069434795,74
22,0.740112737568759,0.06240111561618378,59
36,0.7438102859655353,0.082395736502372,34
40,0.69883586273077,0.06984461528904216,32
50,0.7447284872964605,0.04567077491237042,13
