topic,mean_similarity,std_similarity,n_samples
3,0.604985607554724,0.1426608194836741,96
4,0.6155283167424491,0.12538071551348604,77
15,0.6383245958197576,0.09546942242454347,67
17,0.6022247578946749,0.13850743036417387,87
18,0.6949552081244122,0.10198831987279207,77
22,0.6470917024069232,0.10624603555627722,64
36,0.6338327733459591,0.12427497350748777,39
40,0.6197614629925693,0.1129724488767764,35
50,0.7344290822752854,0.07366326190670956,14
