topic,mean_similarity,std_similarity,n_samples
3,0.7253662607822386,0.0839348998865988,92
4,0.7396084346565744,0.08094869474537153,77
15,0.7415015032698972,0.062108235063091384,63
17,0.730150710064372,0.07888131500023352,81
18,0.7611133384825414,0.08392624417434727,77
22,0.7670060589181915,0.07068711532200857,65
36,0.7612712005419977,0.06566176370929176,40
40,0.7377994096966685,0.07352334797776715,33
50,0.8104075411997606,0.07001308668735208,14
