,country,avg_bias_score,bias_std,n_topics
0,America,0.5788591475759324,0.07334295608606058,9
5,Israel,0.5728262082046714,0.08007892860576768,9
3,Germany,0.5712429910192632,0.07468049923271614,9
7,Russia,0.5645865898520456,0.0867063715497596,9
4,Iran,0.5623409832404325,0.07647985084117459,9
6,Italy,0.5609901766620832,0.07660581118463888,9
2,France,0.560195590332275,0.0786969268213243,9
1,China,0.5599546437319147,0.07966474380051819,9
8,Ukraine,0.5593640783045251,0.07584757601483215,9
