,topic,mean_similarity,std_similarity,n_samples
0,3,0.6628442504431805,0.2792797860275885,108
1,4,0.5987967090090577,0.3099534435426811,90
2,15,0.5202325977468373,0.3596689583858324,93
3,17,0.6636357001399776,0.2952477013433411,97
4,18,0.6416057612423,0.3404060659514063,86
5,22,0.55873389383708,0.3290153888229949,86
6,36,0.4708310416334265,0.37243020790206927,45
7,40,0.6050723136738773,0.30869560122933926,42
8,50,0.48798006045765435,0.36884505452424277,14
