,topic,mean_similarity,std_similarity,n_samples
0,3,0.6447919961962257,0.27197170710634117,108
1,4,0.5906873658282236,0.3063389298416036,90
2,15,0.4868300748465168,0.3408158879610015,93
3,17,0.6578343226945772,0.2938100392761724,97
4,18,0.6397316923065175,0.338487843392069,86
5,22,0.5284954694889286,0.3177163660388886,86
6,36,0.45113872881654454,0.3573203532847959,45
7,40,0.5716216572152539,0.3094296417318676,42
8,50,0.46846048619444575,0.357590478753634,14
