,topic,mean_similarity,std_similarity,n_samples
0,3,0.6366879968291557,0.2735950934199208,108
1,4,0.591215163353684,0.30346611676926677,90
2,15,0.5077530214893013,0.35045746237717257,93
3,17,0.6512408897648347,0.29891475420221386,97
4,18,0.6342599711022165,0.33658946427461717,86
5,22,0.5409104329105634,0.32388209876749996,86
6,36,0.44697741690701753,0.3544652603430002,45
7,40,0.5798608560561244,0.29855996982647354,42
8,50,0.4600058415458518,0.34865707283851255,14
