,topic,mean_similarity,std_similarity,n_samples
0,3,0.6579832542088482,0.27702209704988584,108
1,4,0.6062191709705349,0.31220229336298144,90
2,15,0.5241550648699833,0.360846111228203,93
3,17,0.6637540890771755,0.2974473882599104,97
4,18,0.6372857364977722,0.3375968231509605,86
5,22,0.5475447825286736,0.32284992003737195,86
6,36,0.4559588777454039,0.36544272366598335,45
7,40,0.6033475819998254,0.30518530196883276,42
8,50,0.4591873159438259,0.34530369989424436,14
