,topic,mean_similarity,std_similarity,n_samples
0,3,0.6462260335335335,0.2752028828767505,108
1,4,0.5822709427760195,0.3078924536217724,90
2,15,0.49813133786196356,0.34474324879068585,93
3,17,0.6486207491611313,0.29384268258468776,97
4,18,0.6487033852634444,0.3404518164968838,86
5,22,0.5487480572490427,0.3261068391141708,86
6,36,0.4589203748271745,0.3642991649771057,45
7,40,0.5583943951447454,0.2883957592003958,42
8,50,0.45174503717341985,0.34437463751908515,14
