,topic,mean_similarity,std_similarity,n_samples
0,3,0.6396474876788486,0.2713923371027666,108
1,4,0.5907365692619091,0.30944420107991966,90
2,15,0.5141649632589644,0.3574118989349034,93
3,17,0.6585390766035245,0.29975932013982015,97
4,18,0.6386774238658558,0.338092810256607,86
5,22,0.5626456137722339,0.3297170087586194,86
6,36,0.45368619498594315,0.3618938408766771,45
7,40,0.6066402998127899,0.3148071871677211,42
8,50,0.4764492899332998,0.36361978407149226,14
