,topic,mean_similarity,std_similarity,n_samples
0,3,0.6321212468591144,0.2795665584324459,108
1,4,0.5940873621180472,0.3095923677324787,90
2,15,0.4625802847291331,0.3267053951711193,93
3,17,0.6630123694743596,0.3016845524835074,97
4,18,0.6438680789302214,0.3383780392609638,86
5,22,0.5200005677792974,0.3138549816275783,86
6,36,0.48343062768706313,0.3824213217741291,45
7,40,0.576791220529906,0.29748925302344315,42
8,50,0.4851770910567498,0.37498676766333494,14
