,country,avg_bias_score,bias_std,n_topics
0,America,0.829529001347124,0.025814037683738248,9
2,France,0.7519335222717098,0.03213117571048213,9
6,Italy,0.7466302581355903,0.024897168430156914,9
3,Germany,0.7122686997865268,0.028547335192707426,9
7,Russia,0.7094328771887183,0.026612551617738702,9
1,China,0.6948458350794645,0.04577653552817081,9
5,Israel,0.6623710851669806,0.02687131094288349,9
8,Ukraine,0.6477032755035175,0.03132956544503195,9
4,Iran,0.63760563115099,0.05127445640515248,9
