topic,mean_similarity,std_similarity,n_samples
3,0.7998618414398531,0.09182009372793555,86
4,0.8282973861181337,0.07184100914629223,66
15,0.8144545550909087,0.07225076447157616,72
17,0.8010173408270612,0.07230009006537894,87
18,0.8404456766423815,0.06650243988807075,78
22,0.8303745331357603,0.06479345968047845,74
36,0.8420641836032473,0.06960102476935061,39
40,0.8240229629882239,0.0732239864640175,31
50,0.8852225322785472,0.04635008465287759,13
