topic,mean_similarity,std_similarity,n_samples
3,0.6301797088257491,0.10431676683118792,31
4,0.6676722858628227,0.12732303059533603,17
15,0.6692828656650578,0.11228338700049452,19
17,0.666820975206627,0.09259514308178082,38
18,0.7334993110237469,0.07971516752207153,22
22,0.7119284074127409,0.06366158447150548,18
36,0.6794621663075909,0.09304469751451507,6
40,0.7095547836447813,0.11920282804552251,11
50,0.7852120117660634,0.042454413379591514,6
