topic,mean_similarity,std_similarity,n_samples
3,0.5867098000390785,0.13781898456275019,92
4,0.5906217657835079,0.13164859494601525,76
15,0.6489356342516907,0.10694174637428285,71
17,0.6078502854761079,0.12582292904199832,84
18,0.6965230054468725,0.0998599590971331,73
22,0.6479318253744452,0.09881716994311138,68
36,0.6360310684823751,0.1196641457888598,42
40,0.5896123697603146,0.09866443722627624,33
50,0.734234925744518,0.06444717388272894,13
