topic,mean_similarity,std_similarity,n_samples
3,0.718066101701269,0.08523299150488449,92
4,0.7493174756359581,0.07977990526900185,71
15,0.7344086328310807,0.06994000048522869,67
17,0.7221505349478344,0.075780650524065,80
18,0.7616808332278046,0.07788384119130606,73
22,0.7576133390908518,0.0650209006649903,68
36,0.7559283527229348,0.05996188198069716,41
40,0.7411277063685513,0.07905688823413722,29
50,0.8271087239191033,0.060777321533087326,14
