topic,mean_similarity,std_similarity,n_samples
3,0.6770240172431429,0.07503854381396778,87
4,0.6816412743486501,0.08520215304120514,67
15,0.6920435344737095,0.07945612748427061,58
17,0.6976154433525307,0.06764114559798201,79
18,0.7336670176452138,0.07920833907573928,72
22,0.7378860521373701,0.05954205795100207,61
36,0.7219594167726231,0.0643973693666597,35
40,0.6936492536402342,0.08225332743818954,33
50,0.7494098850849905,0.050180495341557156,10
