topic,mean_similarity,std_similarity,n_samples
3,0.6242841326143993,0.10793499131152999,89
4,0.6322060786137962,0.11551662233131015,65
15,0.6505039843775567,0.10514117270872222,69
17,0.6501209446295014,0.0890564100259545,86
18,0.7097384340213649,0.09796427123777955,78
22,0.6639859625537692,0.10491820796424843,65
36,0.6845040751575153,0.08539166031519081,37
40,0.6639677815833015,0.09949759118981363,35
50,0.6820283729516204,0.13302684629573283,12
