topic,mean_similarity,std_similarity,n_samples
3,0.667288547700065,0.10585201917065817,81
4,0.7093571901663439,0.07263910934102175,54
15,0.7079804394368291,0.07257483740977652,66
17,0.6965653124025353,0.0706587466052411,74
18,0.7426571808793863,0.07742091255475896,75
22,0.7360569373503137,0.07937479915690068,69
36,0.688738502925485,0.11190663126750361,40
40,0.703623318376918,0.09755826523340158,33
50,0.7581508688408659,0.06287157233556578,14
